<annotation>
    <filename>20211210-200738.jpg</filename>
    <folder>rocks_shells</folder>
    <source>
        <database>rocks_shells</database>
        <annotation>custom</annotation>
        <image>custom</image>
    </source>
    <size>
        <width>1280</width>
        <height>720</height>
        <depth>3</depth>
    </size>
    <segmented>0</segmented>
    <object>
        <name>rock</name>
        <pose>unspecified</pose>
        <truncated>0</truncated>
        <difficult>0</difficult>
        <bndbox>
            <xmin>791</xmin>
            <ymin>263</ymin>
            <xmax>1018</xmax>
            <ymax>498</ymax>
        </bndbox>
    </object>
    <object>
        <name>shell</name>
        <pose>unspecified</pose>
        <truncated>0</truncated>
        <difficult>0</difficult>
        <bndbox>
            <xmin>369</xmin>
            <ymin>250</ymin>
            <xmax>548</xmax>
            <ymax>420</ymax>
        </bndbox>
    </object>
    <object>
        <name>shell</name>
        <pose>unspecified</pose>
        <truncated>0</truncated>
        <difficult>0</difficult>
        <bndbox>
            <xmin>84</xmin>
            <ymin>104</ymin>
            <xmax>200</xmax>
            <ymax>276</ymax>
        </bndbox>
    </object>
</annotation>
