<annotation>
    <filename>20211210-200315.jpg</filename>
    <folder>rocks_shells</folder>
    <source>
        <database>rocks_shells</database>
        <annotation>custom</annotation>
        <image>custom</image>
    </source>
    <size>
        <width>1280</width>
        <height>720</height>
        <depth>3</depth>
    </size>
    <segmented>0</segmented>
    <object>
        <name>rock</name>
        <pose>unspecified</pose>
        <truncated>0</truncated>
        <difficult>0</difficult>
        <bndbox>
            <xmin>147</xmin>
            <ymin>75</ymin>
            <xmax>390</xmax>
            <ymax>292</ymax>
        </bndbox>
    </object>
    <object>
        <name>rock</name>
        <pose>unspecified</pose>
        <truncated>0</truncated>
        <difficult>0</difficult>
        <bndbox>
            <xmin>558</xmin>
            <ymin>81</ymin>
            <xmax>803</xmax>
            <ymax>299</ymax>
        </bndbox>
    </object>
    <object>
        <name>rock</name>
        <pose>unspecified</pose>
        <truncated>0</truncated>
        <difficult>0</difficult>
        <bndbox>
            <xmin>817</xmin>
            <ymin>240</ymin>
            <xmax>1024</xmax>
            <ymax>395</ymax>
        </bndbox>
    </object>
</annotation>
