<annotation>
    <filename>20211210-201233.jpg</filename>
    <folder>rocks_shells</folder>
    <source>
        <database>rocks_shells</database>
        <annotation>custom</annotation>
        <image>custom</image>
    </source>
    <size>
        <width>1280</width>
        <height>720</height>
        <depth>3</depth>
    </size>
    <segmented>0</segmented>
    <object>
        <name>rock</name>
        <pose>unspecified</pose>
        <truncated>0</truncated>
        <difficult>0</difficult>
        <bndbox>
            <xmin>564</xmin>
            <ymin>4</ymin>
            <xmax>878</xmax>
            <ymax>161</ymax>
        </bndbox>
    </object>
    <object>
        <name>rock</name>
        <pose>unspecified</pose>
        <truncated>0</truncated>
        <difficult>0</difficult>
        <bndbox>
            <xmin>445</xmin>
            <ymin>116</ymin>
            <xmax>832</xmax>
            <ymax>435</ymax>
        </bndbox>
    </object>
    <object>
        <name>rock</name>
        <pose>unspecified</pose>
        <truncated>0</truncated>
        <difficult>0</difficult>
        <bndbox>
            <xmin>776</xmin>
            <ymin>310</ymin>
            <xmax>1007</xmax>
            <ymax>592</ymax>
        </bndbox>
    </object>
</annotation>
