<annotation>
    <filename>20211210-200417.jpg</filename>
    <folder>rocks_shells</folder>
    <source>
        <database>rocks_shells</database>
        <annotation>custom</annotation>
        <image>custom</image>
    </source>
    <size>
        <width>1280</width>
        <height>720</height>
        <depth>3</depth>
    </size>
    <segmented>0</segmented>
    <object>
        <name>rock</name>
        <pose>unspecified</pose>
        <truncated>0</truncated>
        <difficult>0</difficult>
        <bndbox>
            <xmin>911</xmin>
            <ymin>88</ymin>
            <xmax>1109</xmax>
            <ymax>258</ymax>
        </bndbox>
    </object>
    <object>
        <name>rock</name>
        <pose>unspecified</pose>
        <truncated>0</truncated>
        <difficult>0</difficult>
        <bndbox>
            <xmin>441</xmin>
            <ymin>237</ymin>
            <xmax>738</xmax>
            <ymax>489</ymax>
        </bndbox>
    </object>
</annotation>
