<annotation>
    <filename>20211210-200620.jpg</filename>
    <folder>rocks_shells</folder>
    <source>
        <database>rocks_shells</database>
        <annotation>custom</annotation>
        <image>custom</image>
    </source>
    <size>
        <width>1280</width>
        <height>720</height>
        <depth>3</depth>
    </size>
    <segmented>0</segmented>
    <object>
        <name>shell</name>
        <pose>unspecified</pose>
        <truncated>0</truncated>
        <difficult>0</difficult>
        <bndbox>
            <xmin>561</xmin>
            <ymin>577</ymin>
            <xmax>751</xmax>
            <ymax>729</ymax>
        </bndbox>
    </object>
    <object>
        <name>shell</name>
        <pose>unspecified</pose>
        <truncated>0</truncated>
        <difficult>0</difficult>
        <bndbox>
            <xmin>748</xmin>
            <ymin>146</ymin>
            <xmax>834</xmax>
            <ymax>250</ymax>
        </bndbox>
    </object>
    <object>
        <name>shell</name>
        <pose>unspecified</pose>
        <truncated>0</truncated>
        <difficult>0</difficult>
        <bndbox>
            <xmin>457</xmin>
            <ymin>77</ymin>
            <xmax>606</xmax>
            <ymax>202</ymax>
        </bndbox>
    </object>
    <object>
        <name>shell</name>
        <pose>unspecified</pose>
        <truncated>0</truncated>
        <difficult>0</difficult>
        <bndbox>
            <xmin>158</xmin>
            <ymin>397</ymin>
            <xmax>309</xmax>
            <ymax>548</ymax>
        </bndbox>
    </object>
</annotation>
