<annotation>
    <filename>20211210-200923.jpg</filename>
    <folder>rocks_shells</folder>
    <source>
        <database>rocks_shells</database>
        <annotation>custom</annotation>
        <image>custom</image>
    </source>
    <size>
        <width>1280</width>
        <height>720</height>
        <depth>3</depth>
    </size>
    <segmented>0</segmented>
    <object>
        <name>shell</name>
        <pose>unspecified</pose>
        <truncated>0</truncated>
        <difficult>0</difficult>
        <bndbox>
            <xmin>714</xmin>
            <ymin>232</ymin>
            <xmax>989</xmax>
            <ymax>382</ymax>
        </bndbox>
    </object>
    <object>
        <name>shell</name>
        <pose>unspecified</pose>
        <truncated>0</truncated>
        <difficult>0</difficult>
        <bndbox>
            <xmin>853</xmin>
            <ymin>3</ymin>
            <xmax>1020</xmax>
            <ymax>81</ymax>
        </bndbox>
    </object>
</annotation>
