<annotation>
    <filename>20211210-200259.jpg</filename>
    <folder>rocks_shells</folder>
    <source>
        <database>rocks_shells</database>
        <annotation>custom</annotation>
        <image>custom</image>
    </source>
    <size>
        <width>1280</width>
        <height>720</height>
        <depth>3</depth>
    </size>
    <segmented>0</segmented>
    <object>
        <name>rock</name>
        <pose>unspecified</pose>
        <truncated>0</truncated>
        <difficult>0</difficult>
        <bndbox>
            <xmin>429</xmin>
            <ymin>22</ymin>
            <xmax>930</xmax>
            <ymax>312</ymax>
        </bndbox>
    </object>
</annotation>
