<annotation>
    <filename>20211210-200756.jpg</filename>
    <folder>rocks_shells</folder>
    <source>
        <database>rocks_shells</database>
        <annotation>custom</annotation>
        <image>custom</image>
    </source>
    <size>
        <width>1280</width>
        <height>720</height>
        <depth>3</depth>
    </size>
    <segmented>0</segmented>
    <object>
        <name>shell</name>
        <pose>unspecified</pose>
        <truncated>0</truncated>
        <difficult>0</difficult>
        <bndbox>
            <xmin>668</xmin>
            <ymin>131</ymin>
            <xmax>813</xmax>
            <ymax>258</ymax>
        </bndbox>
    </object>
    <object>
        <name>shell</name>
        <pose>unspecified</pose>
        <truncated>0</truncated>
        <difficult>0</difficult>
        <bndbox>
            <xmin>918</xmin>
            <ymin>235</ymin>
            <xmax>1040</xmax>
            <ymax>352</ymax>
        </bndbox>
    </object>
    <object>
        <name>shell</name>
        <pose>unspecified</pose>
        <truncated>0</truncated>
        <difficult>0</difficult>
        <bndbox>
            <xmin>367</xmin>
            <ymin>501</ymin>
            <xmax>484</xmax>
            <ymax>658</ymax>
        </bndbox>
    </object>
</annotation>
