<annotation>
    <filename>20211210-200831.jpg</filename>
    <folder>rocks_shells</folder>
    <source>
        <database>rocks_shells</database>
        <annotation>custom</annotation>
        <image>custom</image>
    </source>
    <size>
        <width>1280</width>
        <height>720</height>
        <depth>3</depth>
    </size>
    <segmented>0</segmented>
    <object>
        <name>shell</name>
        <pose>unspecified</pose>
        <truncated>0</truncated>
        <difficult>0</difficult>
        <bndbox>
            <xmin>661</xmin>
            <ymin>19</ymin>
            <xmax>776</xmax>
            <ymax>116</ymax>
        </bndbox>
    </object>
    <object>
        <name>shell</name>
        <pose>unspecified</pose>
        <truncated>0</truncated>
        <difficult>0</difficult>
        <bndbox>
            <xmin>856</xmin>
            <ymin>57</ymin>
            <xmax>937</xmax>
            <ymax>178</ymax>
        </bndbox>
    </object>
    <object>
        <name>shell</name>
        <pose>unspecified</pose>
        <truncated>0</truncated>
        <difficult>0</difficult>
        <bndbox>
            <xmin>705</xmin>
            <ymin>369</ymin>
            <xmax>857</xmax>
            <ymax>494</ymax>
        </bndbox>
    </object>
    <object>
        <name>shell</name>
        <pose>unspecified</pose>
        <truncated>0</truncated>
        <difficult>0</difficult>
        <bndbox>
            <xmin>424</xmin>
            <ymin>263</ymin>
            <xmax>574</xmax>
            <ymax>360</ymax>
        </bndbox>
    </object>
    <object>
        <name>shell</name>
        <pose>unspecified</pose>
        <truncated>0</truncated>
        <difficult>0</difficult>
        <bndbox>
            <xmin>309</xmin>
            <ymin>518</ymin>
            <xmax>585</xmax>
            <ymax>696</ymax>
        </bndbox>
    </object>
</annotation>
