<annotation>
    <filename>20211210-200247.jpg</filename>
    <folder>rocks_shells</folder>
    <source>
        <database>rocks_shells</database>
        <annotation>custom</annotation>
        <image>custom</image>
    </source>
    <size>
        <width>1280</width>
        <height>720</height>
        <depth>3</depth>
    </size>
    <segmented>0</segmented>
    <object>
        <name>rock</name>
        <pose>unspecified</pose>
        <truncated>0</truncated>
        <difficult>0</difficult>
        <bndbox>
            <xmin>256</xmin>
            <ymin>208</ymin>
            <xmax>567</xmax>
            <ymax>433</ymax>
        </bndbox>
    </object>
    <object>
        <name>rock</name>
        <pose>unspecified</pose>
        <truncated>0</truncated>
        <difficult>0</difficult>
        <bndbox>
            <xmin>969</xmin>
            <ymin>123</ymin>
            <xmax>1130</xmax>
            <ymax>299</ymax>
        </bndbox>
    </object>
    <object>
        <name>rock</name>
        <pose>unspecified</pose>
        <truncated>0</truncated>
        <difficult>0</difficult>
        <bndbox>
            <xmin>1081</xmin>
            <ymin>233</ymin>
            <xmax>1282</xmax>
            <ymax>438</ymax>
        </bndbox>
    </object>
</annotation>
